[
  {
    "isLive": false,
    "name": "Aori",
    "url": "https://www.aori.io/",
    "tags": ["DeFi"],
    "description": "Non-custodial, high-performance order book trading infrastructure for decentralized options, spot trading, and OTC settlement.",
    "github": "https://github.com/aori-io",
    "twitter": "https://twitter.com/aori_io",
    "discord": "",
    "image": "aori"
  },
  {
    "isLive": false,
    "name": "ArtDAO",
    "url": "https://artdao.xyz/",
    "tags": ["DAO", "NFT", "Social"],
    "description": "Scaling the possibilities of digital art on Ethereum - artists helping artists.",
    "github": "",
    "twitter": "https://twitter.com/Artdao_xyz",
    "discord": "",
    "image": "artdao"
  },
  {
    "isLive": false,
    "name": "Bako ID",
    "url": "https://www.bako.id/",
    "tags": ["Social"],
    "description": "Bako ID is a comprehensive Identity System for Rollups.",
    "github": "",
    "twitter": "https://twitter.com/bakoidentity",
    "discord": "",
    "image": "bakoid"
  },
  {
    "isLive": true,
    "name": "Bako Safe",
    "url": "https://www.bako.global/",
    "tags": ["DeFi", "Wallet", "Multi-sig"],
    "description": "Bako Safe is the Native Multisig of Rollup OS.",
    "github": "",
    "twitter": "https://twitter.com/bakosafe",
    "discord": "",
    "image": "bakosafe"
  },
  {
    "isLive": false,
    "name": "Banxa",
    "url": "https://banxa.com/",
    "tags": ["Onramp"],
    "description": "Banxa is a fiat-to-crypto on & off ramp solutions enabling users to conveniently and securely convert traditional fiat currencies into cryptocurrencies.",
    "github": "",
    "twitter": "https://twitter.com/BanxaOfficial",
    "discord": "",
    "image": "banxa"
  },
  {
    "isLive": false,
    "name": "Bubblemaps",
    "url": "https://bubblemaps.io/",
    "tags": ["Analytics"],
    "description": "Bubblemaps is the first supply auditing tool for DeFi tokens and NFTs. Our unique and colorful bubbles make on-chain data easy to understand.",
    "github": "",
    "twitter": "https://twitter.com/bubblemaps",
    "discord": "https://discord.gg/6DexjezHzV",
    "image": "bubblemaps"
  },
  {
    "isLive": false,
    "name": "Capsule",
    "url": "https://usecapsule.com/",
    "tags": ["Wallet"],
    "description": "Capsule is the cross-app embedded wallet infrastructure",
    "github": "https://github.com/capsule-org",
    "twitter": "https://twitter.com/usecapsule",
    "discord": "",
    "image": "capsule"
  },
  {
    "isLive": false,
    "name": "Catalyst",
    "url": "https://fuelcatalyst.io",
    "tags": ["Fuel", "Launchpad"],
    "description": "The Launchpad for the Fuel Ecosystem",
    "github": "",
    "twitter": "https://twitter.com/fuel_catalyst",
    "discord": "",
    "image": "catalyst"
  },
  {
    "isLive": false,
    "name": "Chainrisk",
    "url": "https://chainrisk.xyz",
    "tags": ["DeFi"],
    "description": "Chainrisk automates Economic risk management for DeFi Applications",
    "github": "",
    "twitter": "https://twitter.com/chain_risk",
    "discord": "",
    "image": "chainrisk"
  },
  {
    "isLive": true,
    "name": "Charcoal Transpiler",
    "url": "https://www.sway-playground.org/",
    "tags": ["Tooling"],
    "description": "Solidity to Sway transpiler",
    "github": "https://github.com/ourovoros-io",
    "twitter": "",
    "discord": "",
    "image": "charcoal"
  },
  {
    "isLive": true,
    "name": "Common Ground",
    "url": "https://www.commonground.cg/",
    "tags": ["Social"],
    "description": "The Web3-powered app for communities of all shapes and sizes. Chat, share, and earn with your audience and friends.",
    "github": "",
    "twitter": "https://twitter.com/CommonGround_cg",
    "discord": "",
    "image": "commonground"
  },
  {
    "isLive": false,
    "name": "Cookbook",
    "url": "https://www.cookbook.dev/chains/Fuel",
    "tags": ["Education", "AI"],
    "description": "Find smart contracts, Sway libraries, and discover protocols.",
    "github": "",
    "twitter": "https://twitter.com/cookbook_dev",
    "discord": "https://discord.gg/cookbookdev",
    "image": "cookbook"
  },
  {
    "isLive": false,
    "name": "Everclear",
    "url": "https://www.everclear.org/",
    "tags": ["Bridge"],
    "description": "Everclear coordinates the global settlement of liquidity between chains, solving fragmentation for modular blockchains.",
    "github": "https://github.com/everclearorg",
    "twitter": "https://twitter.com/everclearorg",
    "discord": "https://discord.gg/everclear",
    "image": "everclear"
  },
  {
    "isLive": false,
    "name": "CryptoSage",
    "url": "https://cryptosage.jump.trade/coming-soon",
    "tags": ["Social", "Prediction Market"],
    "description": "An innovative crypto opinion trading platform, where users can monetize their insights and predictions on various cryptocurrencies.",
    "github": "https://github.com/GuardainDev/Cryptosage",
    "twitter": "https://twitter.com/cryptosageoff",
    "discord": "",
    "image": "cryptosage"
  },
  {
    "isLive": true,
    "name": "Envio",
    "url": "https://docs.envio.dev/docs/HyperIndex/fuel",
    "tags": ["Indexer"],
    "description": "Envio is a modern, multi-chain EVM blockchain indexing framework speed-optimized for querying real-time and historical data.",
    "github": "https://github.com/enviodev",
    "twitter": "https://twitter.com/envio_indexer",
    "discord": "https://discord.gg/amcY528zbZ",
    "image": "envio"
  },
  {
    "isLive": false,
    "name": "Fluid Protocol",
    "url": "https://fluidprotocol.xyz/",
    "tags": ["DeFi"],
    "description": "Fluid is the native decentralized stablecoin on Fuel.",
    "github": "",
    "twitter": "https://twitter.com/Fluid_Protocol",
    "discord": "https://discord.gg/fluidprotocol",
    "image": "fluid"
  },
  {
    "isLive": true,
    "name": "Fuel Name Service",
    "url": "https://fuelname.com/",
    "tags": ["Social"],
    "description": "Fuel Name Service (FNS) is a domain name service built on the Fuel blockchain.",
    "github": "https://github.com/fuelet",
    "twitter": "https://twitter.com/FuelNameService",
    "discord": "https://discord.gg/fueletwallet",
    "image": "fuelnameservice"
  },
  {
    "isLive": true,
    "name": "Fuel Wallet",
    "url": "https://wallet.fuel.network/docs/install/",
    "tags": ["Fuel", "Tooling", "Wallet"],
    "description": "Explore decentralized applications and manage your crypto assets, all in one place.",
    "github": "https://github.com/fuellabs/fuels-wallet",
    "twitter": "https://twitter.com/fuel_network",
    "discord": "https://discord.gg/fuelnetwork",
    "image": "fuelwallet"
  },
  {
    "isLive": true,
    "name": "Fuel Bridge",
    "url": "https://app.fuel.network/bridge",
    "tags": ["Bridge", "Fuel", "Tooling"],
    "description": "Bridge assets from Ethereum to Fuel with Fuel's native bridge.",
    "github": "https://github.com/FuelLabs/fuel-bridge",
    "twitter": "https://twitter.com/fuel_network",
    "discord": "https://discord.gg/fuelnetwork",
    "image": "fuelbridge"
  },
  {
    "isLive": false,
    "name": "Fuelart",
    "url": "https://fuelart.io/",
    "tags": ["Marketplace", "NFT"],
    "description": "Fuelart is a next-gen NFT marketplace built on Fuel.",
    "github": "",
    "twitter": "https://twitter.com/fuel_art",
    "discord": "https://discord.gg/sj9PujpSzJ",
    "image": "fuelart"
  },
  {
    "isLive": true,
    "name": "Fuelet Wallet",
    "url": "https://fuelet.app/",
    "tags": ["Tooling", "Wallet"],
    "description": "Fuelet is the leading account abstraction and non-custodial wallet on Fuel.",
    "github": "https://github.com/fuelet",
    "twitter": "https://twitter.com/FueletWallet",
    "discord": "https://discord.gg/fueletwallet",
    "image": "fuelet"
  },
  {
    "isLive": true,
    "name": "OxiSwap",
    "url": "https://oxiswap.com/",
    "tags": ["DeFi"],
    "description": "Lightning-Fast Decentralized Exchange Built On The Fuel Network",
    "github": "https://github.com/oxiswap",
    "twitter": "https://x.com/oxiswap",
    "discord": "",
    "image": "oxiswap"
  },
  {
    "isLive": false,
    "name": "Griffy",
    "url": "https://griffy.app/",
    "tags": ["Prediction Market"],
    "description": "The NASDAQ for opinions. Griffy empowers users to trade their opinions. You can select your interest from real world events like sports, politics, celebrities, fashion and a wide range of topics and trade your opinions like you trade stocks!",
    "github": "",
    "twitter": "https://twitter.com/GriffyCommunity",
    "discord": "",
    "image": "griffy"
  },
  {
    "isLive": true,
    "name": "Guild",
    "url": "https://guild.xyz/fuel",
    "tags": ["Social"],
    "description": "Automated membership management for the platforms your community already uses.",
    "github": "https://github.com/agoraxyz/guild.xyz",
    "twitter": "https://twitter.com/guildxyz",
    "discord": "https://discord.gg/guildxyz",
    "image": "guildxyz"
  },
  {
    "isLive": false,
    "name": "Hyperlane",
    "url": "https://hyperlane.xyz/",
    "tags": ["Bridge"],
    "description": "Hyperlane is the permissionless Interoperability layer built for the modular future.",
    "github": "https://github.com/hyperlane-xyz",
    "twitter": "https://twitter.com/hyperlane_xyz",
    "discord": "",
    "image": "hyperlane"
  },
  {
    "isLive": false,
    "name": "Kassiopea",
    "url": "https://www.kassiopea.xyz/",
    "tags": ["DeFi"],
    "description": "Kassiopea is a decentralized perpetual trading platform that revolutionizes the way people trade commodities, RWA and cryptocurrencies amidst gameplay.",
    "github": "",
    "twitter": "https://twitter.com/Kassiopea_xyz",
    "discord": "https://discord.gg/SX8M4YYT",
    "image": "kassiopea"
  },
  {
    "isLive": true,
    "name": "LearnWeb3",
    "url": "https://learnweb3.io/",
    "tags": ["Education"],
    "description": "Access free, full stack, high quality education to become a Web3 expert!",
    "github": "https://github.com/LearnWeb3DAO",
    "twitter": "https://twitter.com/LearnWeb3DAO",
    "discord": "https://discord.gg/learnweb3",
    "image": "learnweb3"
  },
  {
    "isLive": true,
    "name": "Metaschool",
    "url": "https://metaschool.so/",
    "tags": ["Education"],
    "description": "Metaschool is a web3 education platform with 140K+ developers that helps developers enter web3 by building and shipping DApps.",
    "github": "https://github.com/0xmetaschool",
    "twitter": "https://twitter.com/0xmetaschool",
    "discord": "https://discord.com/invite/vbVMUwXWgc",
    "image": "metaschool"
  },
  {
    "isLive": true,
    "name": "Mira Exchange",
    "url": "https://mira.ly/",
    "tags": ["DeFi"],
    "description": "The liquidity hub on Fuel. Trade, earn and get rewards using the most efficient AMM on Fuel.",
    "github": "",
    "twitter": "https://twitter.com/MiraProtocol",
    "discord": "https://discord.gg/9HzukDUKSq",
    "image": "mira"
  },
  {
    "isLive": true,
    "name": "ORAO",
    "url": "https://orao.network/",
    "tags": ["Oracle"],
    "description": "Oracle service for custom data feeds.",
    "github": "",
    "twitter": "https://twitter.com/OraoNetwork",
    "discord": "",
    "image": "orao"
  },
  {
    "isLive": false,
    "name": "Orbiter Finance",
    "url": "https://www.orbiter.finance/",
    "tags": ["Bridge"],
    "description": "Decentralized cross-rollup bridge offers low cost and almost instant transfert.",
    "github": "https://github.com/Orbiter-Finance",
    "twitter": "https://twitter.com/Orbiter_Finance",
    "discord": "",
    "image": "orbiter"
  },
  {
    "isLive": false,
    "name": "Pangea",
    "url": "https://www.pangea.foundation/",
    "tags": ["Indexer"],
    "description": "A trustless data network from which to explore and interact with blockchains, enabling the best crypto experience.",
    "github": "",
    "twitter": "https://x.com/in_pangea",
    "discord": "",
    "image": "superchain"
  },
  {
    "isLive": false,
    "name": "Pipeline Finance",
    "url": "https://www.pipeline.finance/",
    "tags": ["DeFi", "Token Streaming"],
    "description": "Pipeline Finance is the go-to solution for affordable and secure token streaming on the Fuel network. Experience seamless, real-time payments with ease.",
    "github": "https://github.com/wt-xyz/pipeline",
    "twitter": "https://x.com/pipeline_fi",
    "discord": "",
    "image": "pipeline"
  },
  {
    "isLive": false,
    "name": "PoolShark Protocol",
    "url": "https://www.poolshark.fi/",
    "tags": ["DeFi"],
    "description": "PoolShark is a directional AMM where users can profit from volatility with less maintenance. ",
    "github": "",
    "twitter": "https://twitter.com/PoolsharkLabs",
    "discord": "",
    "image": "poolshark"
  },
  {
    "isLive": false,
    "name": "Push Protocol",
    "url": "https://push.org/",
    "tags": ["Tooling"],
    "description": "Push is 'The communication protocol of web3'. Push protocol helps DApps and protocols to notifications directly to user wallets, and enables native wallet to wallet messaging and token gated group chats.",
    "github": "https://github.com/push-protocol/push-website",
    "twitter": "https://twitter.com/pushprotocol",
    "discord": "https://discord.gg/pushprotocol",
    "image": "push"
  },
  {
    "isLive": true,
    "name": "Pyth",
    "url": "https://www.pyth.network/",
    "tags": ["Oracle"],
    "description": "Build apps with high-fidelity oracle feeds designed for mission-critical systems.",
    "github": "https://github.com/pyth-network",
    "twitter": "https://twitter.com/PythNetwork",
    "discord": "https://discord.gg/invite/PythNetwork",
    "image": "pyth"
  },
  {
    "isLive": false,
    "name": "RedStone Oracle",
    "url": "https://redstone.finance/",
    "tags": ["Oracle"],
    "description": "Modular Oracles tailored to your decentralized application.",
    "github": "https://github.com/redstone-finance",
    "twitter": "https://twitter.com/redstone_defi",
    "discord": "",
    "image": "redstone"
  },
  {
    "isLive": false,
    "name": "Ruscet Exchange",
    "url": "https://twitter.com/RuscetFi",
    "tags": ["DeFi"],
    "description": "High-performance derivatives exchange on Fuel",
    "github": "https://github.com/burralabs/ruscet-contracts",
    "twitter": "https://twitter.com/RuscetFi",
    "discord": "",
    "image": "ruscet"
  },
  {
    "isLive": false,
    "name": "Sail Exchange",
    "url": "https://www.sail.exchange/",
    "tags": ["DeFi"],
    "description": "Sail Exchange is a central limit order book built on Fuel.",
    "github": "https://github.com/Sail-Exchange",
    "twitter": "https://twitter.com/_sailexchange",
    "discord": "",
    "image": "sail"
  },
  {
    "isLive": true,
    "name": "Sentio",
    "url": "https://www.sentio.xyz/",
    "tags": ["Indexer", "Analytics"],
    "description": "Sentio builds data and dev tooling products with strong developer-focus. Our product covers indexer, analytics/monitoring, debugger/simulator and code search.",
    "github": "https://github.com/sentioxyz",
    "twitter": "https://twitter.com/sentioxyz",
    "discord": "https://discord.gg/vSdkMYqnjb",
    "image": "sentio"
  },
  {
    "isLive": true,
    "name": "Spark",
    "url": "https://sprk.fi/",
    "tags": ["DeFi"],
    "description": "Spark is a predicate-based central limit order book.",
    "github": "https://github.com/compolabs/spark",
    "twitter": "https://twitter.com/Sprkfi",
    "discord": "https://discord.gg/Nz9VZQrSNH",
    "image": "spark"
  },
  {
    "isLive": true,
    "name": "SQD",
    "url": "https://docs.sqd.dev/fuel-indexing/",
    "tags": ["Indexer"],
    "description": "SQD enables permissionless, cost-efficient access to petabytes of high-value Web3 data.",
    "github": "https://github.com/subsquid/squid-sdk/tree/master/fuel",
    "twitter": "https://twitter.com/subsquid",
    "discord": "https://discord.com/invite/subsquid",
    "image": "subsquid"
  },
  {
    "isLive": true,
    "name": "Sway Farm",
    "url": "https://www.swayfarm.xyz/",
    "tags": ["Fuel", "Gaming"],
    "description": "Grow and sell tomatoes to become a Sway Farm Hero.",
    "github": "https://github.com/FuelLabs/sway-farm",
    "twitter": "https://twitter.com/fuel_network",
    "discord": "https://discord.gg/fuelnetwork",
    "image": "swayfarm"
  },
  {
    "isLive": true,
    "name": "Sway Playground",
    "url": "https://www.sway-playground.org/",
    "tags": ["Fuel", "DevEx"],
    "description": "Sway Playground enables developers to build, deploy, and interact with simple sway contracts in the browser with no installation of tools.",
    "github": "https://github.com/FuelLabs/sway-playground",
    "twitter": "https://twitter.com/SwayLang",
    "discord": "https://discord.gg/fuelnetwork",
    "image": "swayplayground"
  },
  {
    "isLive": true,
    "name": "Swaylend",
    "url": "https://swaylend.com/",
    "tags": ["DeFi"],
    "description": "Swaylend is the first lending protocol on Fuel.",
    "github": "https://github.com/compolabs/sway-lend",
    "twitter": "https://twitter.com/swaylend",
    "discord": "https://discord.gg/phcHhUHssg",
    "image": "swaylend"
  },
  {
    "isLive": false,
    "name": "Tan Theta",
    "url": "https://tantheta.io/",
    "tags": ["Prediction Market", "DeFi"],
    "description": "Tan Theta provides sophisticated predicates-based order matching engine for seamless and efficient trading experiences in prediction markets, sports books, spot exchanges, and derivatives exchanges.",
    "github": "https://github.com/Tan-Theta-Protocol/",
    "twitter": "https://twitter.com/tanthetamarkets",
    "discord": "",
    "image": "tantheta"
  },
  {
    "isLive": false,
    "name": "Thunder",
    "url": "https://beta.thundernft.market/",
    "tags": ["Marketplace", "NFT"],
    "description": "Thunder is the superior NFT marketplace on Fuel.",
    "github": "",
    "twitter": "https://twitter.com/ThunderbyFuel",
    "discord": "https://discord.gg/thundernftmarket",
    "image": "thunder"
  },
  {
    "isLive": false,
    "name": "Zap Protocol",
    "url": "https://zapinfra.com/",
    "tags": ["Infrastructure"],
    "description": "Zap is the gateway to better UX, cheaper transactions, and faster execution on Fuel",
    "github": "https://github.com/Layer3Labs/Zap-Protocol",
    "twitter": "https://twitter.com/zap_infra",
    "image": "zap"
  }
]
